round,p1_gold_this,p2_gold_this,p1_cum,p2_cum,total_cum,p1_pos_r,p1_pos_c,p2_pos_r,p2_pos_c,p1_bombs,p2_bombs,enemy_cum,gold_on_map,k,order,vp,p1_steps,p2_steps,p1_collisions,p2_collisions
0,0,3,0,3,3,9,7,7,10,0,0,0,117,4,0,0,4,2,0,0
1,0,0,0,3,3,8,7,6,10,0,0,1,121,4,0,0,4,2,0,0
2,1,0,1,3,4,7,9,7,10,0,0,1,130,4,0,0,4,2,0,0
3,0,0,1,3,4,5,9,8,9,0,0,1,142,4,0,0,4,2,0,0
4,1,0,2,3,5,2,9,7,9,0,0,1,154,4,0,0,4,2,0,0
5,0,0,2,3,5,1,9,7,10,0,0,2,157,4,0,0,4,2,0,0
6,0,0,0,3,3,1,7,7,10,1,0,2,165,4,0,0,4,2,0,0
7,0,0,0,3,3,1,8,7,11,0,0,2,177,4,0,0,4,2,0,0
8,0,5,0,8,8,0,7,8,11,0,0,2,177,4,0,0,4,2,0,0
9,0,0,0,8,8,0,7,7,10,0,0,2,183,4,0,0,4,2,0,0
10,0,0,0,8,8,1,7,6,9,0,0,1,190,4,0,0,4,2,0,0
11,0,0,0,8,8,2,5,6,10,0,0,1,200,4,0,0,4,2,0,0
12,2,0,2,6,8,3,4,5,10,0,1,2,204,4,0,0,4,2,0,0
13,4,0,6,6,12,1,3,6,9,0,0,2,208,4,0,0,4,2,0,0
14,0,2,6,8,14,0,4,6,7,0,0,2,213,4,0,0,4,2,0,0
15,0,0,6,8,14,0,6,6,7,0,0,2,222,4,0,0,4,2,0,0
16,0,0,6,8,14,0,6,4,7,0,0,4,229,4,0,0,4,2,0,0
17,1,0,7,8,15,1,7,4,7,0,0,6,237,4,0,0,4,2,0,0
18,0,0,7,8,15,0,7,4,9,0,0,7,245,4,0,0,4,2,0,0
19,0,0,7,6,13,0,7,3,10,0,1,16,250,4,0,0,4,2,0,0
20,0,0,7,6,13,1,7,4,10,0,0,26,250,4,0,0,4,2,0,0
21,0,4,7,10,17,1,9,3,11,0,0,24,254,4,0,0,4,2,0,0
22,0,0,7,10,17,2,8,2,11,0,0,24,265,4,0,0,4,2,0,0
23,4,0,11,8,19,3,7,3,12,0,1,29,265,4,0,0,4,2,0,0
24,0,0,11,8,19,3,8,2,11,0,0,29,274,4,0,0,4,2,0,0
25,3,0,14,8,22,3,9,2,13,0,0,29,284,4,0,0,4,2,0,0
26,0,1,14,9,23,2,9,2,15,0,0,30,290,4,0,0,4,2,0,0
27,0,0,14,9,23,2,9,3,14,0,0,35,296,4,0,0,4,2,0,0
28,0,0,14,9,23,1,8,3,12,0,0,40,300,4,0,0,4,2,0,0
29,0,0,14,9,23,0,6,3,12,0,0,41,307,4,0,0,4,2,0,0
30,0,0,14,9,23,1,8,3,12,0,0,45,309,4,0,0,4,2,0,0
31,0,0,14,9,23,3,7,3,10,0,0,55,313,4,0,0,4,2,0,0
32,5,0,19,9,28,4,8,4,9,0,0,55,315,4,0,0,4,2,0,0
33,0,0,19,9,28,4,7,4,11,0,0,61,315,4,0,0,4,2,0,0
34,0,0,19,9,28,4,5,4,11,0,0,63,323,4,0,0,4,2,0,0
35,0,0,19,9,28,5,5,4,10,0,0,63,333,4,0,0,4,2,0,0
36,1,0,20,9,29,5,5,3,10,0,0,68,333,4,0,0,4,2,0,0
37,3,0,23,9,32,6,4,4,10,0,0,68,338,4,0,0,4,2,0,0
38,3,0,26,9,35,5,2,4,9,0,0,68,346,4,0,0,4,2,0,0
39,0,0,26,9,35,5,1,3,9,0,0,68,357,4,0,0,4,2,0,0
40,7,0,33,9,42,5,2,4,9,0,0,68,355,4,0,0,4,2,0,0
41,0,2,33,11,44,4,1,6,9,0,0,68,365,4,0,0,4,2,0,0
42,0,5,33,16,49,6,2,5,10,0,0,69,365,4,0,0,4,2,0,0
43,0,1,33,17,50,7,1,5,9,0,0,72,366,4,0,0,4,2,0,0
44,0,0,33,17,50,5,1,5,10,0,0,72,374,4,0,0,4,2,0,0
45,0,3,33,20,53,8,1,5,8,0,0,72,378,4,0,0,4,2,0,0
46,0,3,33,23,56,9,2,5,8,0,0,72,384,4,0,0,4,2,0,0
47,0,5,33,28,61,10,0,5,8,0,0,73,390,4,0,0,4,2,0,0
48,0,0,33,28,61,9,0,5,8,0,0,73,399,4,0,0,4,2,0,0
49,0,0,33,28,61,11,0,5,8,0,0,73,410,4,0,0,4,2,0,0
50,3,0,36,28,64,11,1,4,7,0,0,73,417,4,0,0,4,2,0,0
51,7,3,43,31,74,9,3,4,6,0,0,73,417,4,0,0,4,2,0,0
52,9,0,52,31,83,11,5,5,5,0,0,73,414,4,0,0,4,2,0,0
53,4,0,56,31,87,11,5,3,5,0,0,73,422,4,0,0,4,2,0,0
54,2,0,58,31,89,10,4,2,5,0,0,80,422,4,0,0,4,2,0,0
55,3,0,61,31,92,10,4,4,5,0,0,85,428,4,0,0,4,2,0,0
56,2,5,63,36,99,9,3,5,4,0,0,86,430,4,0,0,4,2,0,0
57,2,0,65,36,101,8,4,4,3,0,0,86,435,4,0,0,4,2,0,0
58,2,0,67,36,103,7,3,4,3,0,0,86,441,4,0,0,4,2,0,0
59,9,0,76,36,112,5,3,3,3,0,0,87,441,4,0,0,4,2,0,0
60,0,2,76,38,114,9,3,3,4,0,0,87,448,4,0,0,4,2,0,0
61,0,0,76,38,114,11,2,3,4,0,0,87,456,4,0,0,4,2,0,0
62,0,0,76,38,114,10,2,5,4,0,0,87,464,4,0,0,4,2,0,0
63,0,4,76,42,118,11,2,5,4,0,0,87,471,4,0,0,4,2,0,0
64,0,0,76,42,118,11,1,5,5,0,0,87,479,4,0,0,4,2,0,0
65,0,0,76,42,118,12,2,4,5,0,0,90,487,4,0,0,4,2,0,0
66,2,0,78,42,120,12,2,6,5,0,0,95,490,4,0,0,4,2,0,0
67,8,0,86,42,128,13,3,7,4,0,0,95,489,4,0,0,4,2,0,0
68,2,5,88,47,135,13,4,8,5,0,0,95,491,4,0,0,4,2,0,0
69,8,0,96,47,143,14,5,8,4,0,0,96,493,4,0,0,4,2,0,0
70,3,0,99,47,146,13,4,8,4,0,0,101,494,4,0,0,4,2,0,0
71,0,3,99,50,149,14,3,8,2,0,0,109,491,4,0,0,4,2,0,0
72,5,0,104,50,154,15,2,9,3,0,0,110,491,4,0,0,4,2,0,0
73,5,0,109,50,159,15,2,10,2,0,0,110,492,4,0,0,4,2,0,0
74,0,0,109,50,159,15,2,10,2,0,0,113,498,4,0,0,4,2,0,0
75,2,0,111,50,161,15,3,9,2,0,0,121,497,4,0,0,4,2,0,0
76,0,0,111,50,161,14,3,9,2,0,0,121,508,4,0,0,4,2,0,0
77,0,0,111,50,161,14,3,9,2,0,0,130,509,4,0,0,4,2,0,0
78,0,1,111,51,162,14,4,8,2,0,0,130,515,4,0,0,4,2,0,0
79,0,0,111,51,162,15,4,8,3,0,0,138,516,4,0,0,4,2,0,0
80,0,0,111,51,162,15,3,8,2,0,0,152,510,4,0,0,4,2,0,0
81,0,0,111,51,162,15,2,8,3,0,0,158,509,4,0,0,4,2,0,0
82,0,1,111,52,163,15,3,8,4,0,0,162,510,4,0,0,4,2,0,0
83,0,0,111,52,163,15,4,7,3,0,0,172,510,4,0,0,4,2,0,0
84,0,0,109,52,161,15,4,6,4,1,0,180,506,4,0,0,4,2,0,0
85,0,0,109,52,161,14,3,5,4,0,0,182,514,4,0,0,4,2,0,0
86,3,0,112,52,164,12,3,4,3,0,0,182,520,4,0,0,4,2,0,0
87,4,5,116,57,173,11,3,4,5,0,0,184,522,4,0,0,4,2,0,0
88,0,1,116,58,174,11,3,3,4,0,0,194,517,4,0,0,4,2,0,0
89,2,4,118,62,180,12,4,3,4,0,0,197,515,4,0,0,4,2,0,0
90,0,1,118,63,181,12,4,3,4,0,0,198,521,4,0,0,4,2,0,0
91,0,2,118,65,183,14,3,2,5,0,0,198,528,4,0,0,4,2,0,0
92,2,0,120,65,185,13,3,3,5,0,0,198,534,4,0,0,4,2,0,0
93,3,1,123,66,189,13,5,4,6,0,0,204,532,4,0,0,4,2,0,0
94,2,1,125,67,192,13,6,3,6,0,0,212,527,4,0,0,4,2,0,0
95,0,0,125,67,192,13,5,3,6,0,0,212,533,4,0,0,4,2,0,0
96,2,8,127,75,202,14,5,1,6,0,0,212,531,4,0,0,4,2,0,0
97,2,0,129,75,204,15,4,2,5,0,0,213,536,4,0,0,4,2,0,0
98,1,5,130,80,210,15,2,1,5,0,0,215,538,4,0,0,4,2,0,0
99,0,3,130,83,213,15,2,0,6,0,0,223,537,4,0,0,4,2,0,0
100,0,0,130,83,213,16,3,0,6,0,0,223,550,4,0,0,4,2,0,0
101,4,6,134,89,223,16,2,0,4,0,0,224,547,4,0,0,4,2,0,0
102,0,5,134,94,228,16,2,0,4,0,0,224,545,4,0,0,4,2,0,0
103,3,0,137,94,231,16,2,1,3,0,0,233,545,4,0,0,4,2,0,0
104,0,2,137,96,233,16,2,3,3,0,0,242,542,4,0,0,4,2,0,0
105,0,3,137,99,236,15,2,3,4,0,0,245,544,4,0,0,4,2,0,0
106,0,0,137,99,236,14,3,3,3,0,0,252,546,4,0,0,4,2,0,0
107,0,0,137,99,236,13,4,3,2,0,0,256,549,4,0,0,4,2,0,0
108,8,3,145,102,247,12,3,4,3,0,0,264,539,4,0,0,4,2,0,0
109,4,0,149,102,251,13,2,3,2,0,0,272,539,4,0,0,4,2,0,0
110,0,0,149,102,251,13,2,4,3,0,0,272,550,4,0,0,4,2,0,0
111,0,0,149,102,251,11,2,3,2,0,0,275,554,4,0,0,4,2,0,0
112,0,0,149,102,251,10,3,3,0,0,0,275,560,4,0,0,4,2,0,0
113,5,0,154,102,256,12,3,3,0,0,0,275,564,4,0,0,4,2,0,0
114,0,0,154,102,256,10,3,2,0,0,0,278,573,4,0,0,4,2,0,0
115,5,0,159,102,261,11,4,1,0,0,0,283,574,4,0,0,4,2,0,0
116,3,0,162,102,264,11,6,1,1,0,0,283,577,4,0,0,4,2,0,0
117,9,4,171,106,277,9,5,0,2,0,0,285,571,4,0,0,4,2,0,0
118,0,0,171,106,277,8,4,0,2,0,0,285,577,4,0,0,4,2,0,0
119,4,0,175,106,281,8,5,0,2,0,0,285,584,4,0,0,4,2,0,0
120,4,1,179,107,286,9,5,0,3,0,0,288,585,4,0,0,4,2,0,0
121,0,5,179,112,291,8,5,1,3,0,0,294,588,4,0,0,4,2,0,0
122,1,7,180,119,299,7,3,3,3,0,0,296,586,4,0,0,4,2,0,0
123,1,3,181,122,303,9,4,4,2,0,0,306,580,4,0,0,4,2,0,0
124,1,0,182,122,304,9,5,3,2,0,0,306,587,4,0,0,4,2,0,0
125,2,5,184,127,311,9,5,2,2,0,0,308,588,4,0,0,4,2,0,0
126,0,0,184,127,311,10,4,3,1,0,0,314,589,4,0,0,4,2,0,0
127,3,0,187,127,314,11,2,3,2,0,0,315,594,4,0,0,4,2,0,0
128,0,0,187,127,314,11,4,2,3,0,0,318,595,4,0,0,4,2,0,0
129,2,0,189,127,316,12,4,3,4,0,0,323,593,4,0,0,4,2,0,0
130,6,1,195,128,323,13,4,3,4,0,0,326,593,4,0,0,4,2,0,0
131,4,0,199,128,327,14,4,3,3,0,0,326,595,4,0,0,4,2,0,0
132,5,0,204,128,332,14,3,2,4,0,0,329,592,4,0,0,4,2,0,0
133,5,0,209,128,337,12,3,1,4,0,0,331,594,4,0,0,4,2,0,0
134,0,0,209,128,337,11,3,1,4,0,0,331,603,4,0,0,4,2,0,0
135,5,0,214,128,342,11,3,1,3,0,0,331,601,4,0,0,4,2,0,0
136,0,0,214,128,342,10,3,2,3,0,0,329,605,4,0,0,4,2,0,0
137,1,2,215,130,345,10,4,2,3,0,0,329,608,4,0,0,4,2,0,0
138,1,0,216,130,346,11,3,2,3,0,0,337,610,4,0,0,4,2,0,0
139,0,0,216,130,346,11,5,1,3,0,0,340,616,4,0,0,4,2,0,0
140,2,0,218,130,348,11,5,1,3,0,0,341,622,4,0,0,4,2,0,0
141,4,5,222,135,357,11,5,0,4,0,0,354,610,4,0,0,4,2,0,0
142,0,1,222,136,358,10,3,0,5,0,0,354,616,4,0,0,4,2,0,0
143,0,0,222,136,358,10,5,2,5,0,0,354,626,4,0,0,4,2,0,0
144,0,5,222,141,363,12,4,1,6,0,0,362,625,4,0,0,4,2,0,0
145,0,0,222,141,363,13,4,1,4,0,0,365,631,4,0,0,4,2,0,0
146,5,0,227,141,368,14,5,0,4,0,0,366,635,4,0,0,4,2,0,0
147,0,0,227,141,368,13,4,0,4,0,0,375,632,4,0,0,4,2,0,0
148,1,0,228,141,369,13,5,1,5,0,0,385,630,4,0,0,4,2,0,0
149,4,0,232,141,373,12,5,0,5,0,0,385,637,4,0,0,4,2,0,0
150,0,5,232,146,378,12,4,0,3,0,0,392,631,4,0,0,4,2,0,0
151,4,0,236,146,382,13,3,0,5,0,0,394,635,4,0,0,4,2,0,0
152,0,0,236,146,382,12,5,1,4,0,0,403,638,4,0,0,4,2,0,0
153,0,4,236,150,386,12,5,1,4,0,0,409,636,4,0,0,4,2,0,0
154,7,0,243,150,393,10,5,2,4,0,0,423,622,4,0,0,4,2,0,0
155,5,1,248,151,399,9,3,1,3,0,0,429,623,4,0,0,4,2,0,0
156,0,0,248,151,399,7,3,0,3,0,0,432,632,4,0,0,4,2,0,0
157,4,0,252,151,403,6,3,0,2,0,0,435,631,4,0,0,4,2,0,0
158,0,0,252,151,403,6,4,0,4,0,0,442,631,4,0,0,4,2,0,0
159,0,0,252,151,403,7,4,1,4,0,0,456,627,4,0,0,4,2,0,0
160,0,0,252,151,403,7,3,1,6,0,0,458,633,4,0,0,4,2,0,0
161,0,0,252,151,403,8,2,1,5,0,0,458,642,4,0,0,4,2,0,0
162,5,1,257,152,409,9,2,2,6,0,0,465,639,4,0,0,4,2,0,0
163,4,1,261,153,414,9,5,3,6,0,0,465,643,4,0,0,4,2,0,0
164,4,1,265,154,419,11,4,3,5,0,0,474,639,4,0,0,4,2,0,0
165,1,0,266,154,420,10,6,2,6,0,0,477,649,4,0,0,4,2,0,0
166,2,0,268,154,422,10,6,2,6,0,0,477,656,4,0,0,4,2,0,0
167,0,2,268,156,424,10,5,3,7,0,0,483,656,4,0,0,4,2,0,0
168,0,1,268,157,425,11,4,2,6,0,0,483,664,4,0,0,4,2,0,0
169,0,2,268,159,427,11,6,1,5,0,0,483,668,4,0,0,4,2,0,0
170,6,2,274,161,435,12,7,1,7,0,0,488,664,4,0,0,4,2,0,0
171,4,0,278,161,439,12,6,2,6,0,0,498,659,4,0,0,4,2,0,0
172,5,2,283,163,446,12,5,2,6,0,0,502,662,4,0,0,4,2,0,0
173,2,0,285,163,448,10,7,3,5,0,0,509,659,4,0,0,4,2,0,0
174,3,0,288,163,451,9,7,2,6,0,0,515,661,4,0,0,4,2,0,0
175,0,0,288,163,451,10,5,3,6,0,0,529,656,4,0,0,4,2,0,0
176,9,7,297,170,467,8,3,3,6,0,0,534,648,4,0,0,4,2,0,0
177,4,0,301,170,471,8,2,3,7,0,0,552,634,4,0,0,4,2,0,0
178,0,0,301,170,471,9,2,4,6,0,0,561,632,4,0,0,4,2,0,0
179,7,5,308,175,483,10,1,4,6,0,0,568,624,4,0,0,4,2,0,0
180,5,0,313,175,488,10,2,3,5,0,0,573,624,4,0,0,4,2,0,0
181,0,2,313,177,490,8,2,2,4,0,0,587,619,4,0,0,4,2,0,0
182,3,4,316,181,497,8,1,2,4,0,0,587,622,4,0,0,4,2,0,0
183,8,0,324,181,505,6,1,3,5,0,0,598,610,4,0,0,4,2,0,0
184,10,0,334,181,515,4,1,3,5,0,0,598,609,4,0,0,4,2,0,0
185,4,2,338,183,521,4,0,1,5,0,0,612,600,4,0,0,4,2,0,0
186,5,5,343,188,531,4,1,1,5,0,0,615,595,4,0,0,4,2,0,0
187,1,0,344,188,532,5,2,1,5,0,0,618,599,4,0,0,4,2,0,0
188,0,0,344,188,532,4,2,0,5,0,0,624,600,4,0,0,4,2,0,0
189,3,2,347,190,537,6,3,1,4,0,0,629,600,4,0,0,4,2,0,0
190,5,0,352,190,542,5,3,1,4,0,0,634,600,4,0,0,4,2,0,0
191,0,4,352,194,546,4,1,2,3,0,0,632,604,4,0,0,4,2,0,0
192,3,4,355,198,553,4,3,3,2,0,0,637,601,4,0,0,4,2,0,0
193,0,0,355,198,553,6,2,4,2,0,0,637,611,4,0,0,4,2,0,0
194,7,5,362,203,565,6,0,3,1,0,0,646,595,4,0,0,4,2,0,0
195,2,0,364,203,567,7,0,5,1,0,0,648,599,4,0,0,4,2,0,0
196,0,3,364,206,570,7,1,6,0,0,0,658,596,4,0,0,4,2,0,0
197,6,0,370,206,576,9,2,4,0,0,0,658,599,4,0,0,4,2,0,0
198,2,0,372,206,578,8,0,5,0,0,0,664,597,4,0,0,4,2,0,0
199,4,0,376,206,582,9,1,5,1,0,0,662,602,4,0,0,4,2,0,0
200,5,0,381,206,587,9,2,5,1,0,0,669,594,4,0,0,4,2,0,0
201,0,2,381,208,589,9,2,4,2,0,0,669,597,4,0,0,4,2,0,0
202,0,1,381,209,590,9,1,4,4,0,0,673,604,4,0,0,4,2,0,0
203,0,0,381,209,590,9,2,3,5,0,0,682,605,4,0,0,4,2,0,0
204,3,0,384,209,593,10,3,2,4,0,0,688,604,4,0,0,4,2,0,0
205,2,5,386,214,600,9,3,0,4,0,0,688,607,4,0,0,4,2,0,0
206,4,7,390,221,611,7,3,1,3,0,0,688,607,4,0,0,4,2,0,0
207,6,3,396,224,620,8,5,2,2,0,0,702,596,4,0,0,4,2,0,0
208,8,0,404,224,628,11,5,2,4,0,0,704,591,4,0,0,4,2,0,0
209,5,0,409,224,633,11,5,3,3,0,0,704,596,4,0,0,4,2,0,0
210,5,0,414,224,638,10,5,2,3,0,0,708,599,4,0,0,4,2,0,0
211,8,0,422,224,646,11,4,3,2,0,0,713,592,4,0,0,4,2,0,0
212,8,0,430,224,654,13,3,4,1,0,0,723,581,4,0,0,4,2,0,0
213,4,0,434,224,658,13,3,5,0,0,0,723,584,4,0,0,4,2,0,0
214,3,0,437,224,661,13,2,4,1,0,0,725,584,4,0,0,4,2,0,0
215,5,0,442,224,666,13,2,3,2,0,0,727,581,4,0,0,4,2,0,0
216,3,0,445,224,669,13,3,3,0,0,0,732,582,4,0,0,4,2,0,0
217,1,0,446,224,670,13,2,3,0,0,0,733,587,4,0,0,4,2,0,0
218,0,0,446,224,670,13,2,3,1,0,0,739,594,4,0,0,4,2,0,0
219,0,0,446,224,670,13,2,4,2,0,0,742,602,4,0,0,4,2,0,0
220,0,0,446,224,670,12,3,5,2,0,0,749,607,4,0,0,4,2,0,0
221,0,0,446,224,670,13,2,5,3,0,0,750,614,4,0,0,4,2,0,0
222,0,0,446,224,670,12,3,5,3,0,0,758,614,4,0,0,4,2,0,0
223,0,4,446,228,674,12,3,6,2,0,0,758,619,4,0,0,4,2,0,0
224,12,5,458,233,691,12,1,5,1,0,0,766,602,4,0,0,4,2,0,0
225,3,3,461,236,697,12,2,5,2,0,0,769,601,4,0,0,4,2,0,0
226,0,2,461,238,699,12,3,5,4,0,0,775,607,4,0,0,4,2,0,0
227,0,0,461,238,699,13,4,5,4,0,0,780,613,4,0,0,4,2,0,0
228,8,2,469,240,709,15,3,4,3,0,0,780,614,4,0,0,4,2,0,0
229,4,0,473,240,713,16,4,3,3,0,0,780,619,4,0,0,4,2,0,0
230,4,0,477,240,717,15,4,4,4,0,0,780,625,4,0,0,4,2,0,0
231,5,5,482,245,727,16,4,5,5,0,0,784,622,4,0,0,4,2,0,0
232,4,0,486,245,731,15,2,5,5,0,0,786,628,4,0,0,4,2,0,0
233,2,0,488,245,733,16,1,5,5,0,0,786,639,4,0,0,4,2,0,0
234,0,0,488,245,733,15,2,4,4,0,0,789,647,4,0,0,4,2,0,0
235,0,0,488,245,733,15,2,5,3,0,0,789,658,4,0,0,4,2,0,0
236,0,0,488,245,733,16,3,5,4,0,0,792,660,4,0,0,4,2,0,0
237,0,0,488,245,733,16,1,4,5,0,0,799,664,4,0,0,4,2,0,0
238,0,3,488,248,736,16,1,4,5,0,0,799,670,4,0,0,4,2,0,0
239,3,3,491,251,742,16,1,3,5,0,0,799,678,4,0,0,4,2,0,0
240,0,1,491,252,743,15,2,3,6,0,0,800,687,4,0,0,4,2,0,0
241,0,3,491,255,746,15,3,3,6,0,0,801,691,4,0,0,4,2,0,0
242,0,0,491,255,746,15,3,3,5,0,0,804,695,4,0,0,4,2,0,0
243,8,4,499,259,758,14,3,4,6,0,0,811,683,4,0,0,4,2,0,0
244,0,0,499,259,758,14,3,4,5,0,0,811,691,4,0,0,4,2,0,0
245,5,0,504,259,763,13,2,4,5,0,0,811,696,4,0,0,4,2,0,0
246,4,3,508,262,770,13,2,5,6,0,0,817,693,4,0,0,4,2,0,0
247,4,0,512,262,774,13,3,4,6,0,0,829,686,4,0,0,4,2,0,0
248,0,0,512,262,774,13,2,5,6,0,0,841,681,4,0,0,4,2,0,0
249,5,0,517,262,779,12,1,5,6,0,0,849,673,4,0,0,4,2,0,0
250,9,0,526,262,788,11,1,4,6,0,0,855,667,4,0,0,4,2,0,0
251,1,2,527,264,791,12,1,4,6,0,0,855,670,4,0,0,4,2,0,0
252,9,1,536,265,801,14,1,3,6,0,0,867,660,4,0,0,4,2,0,0
253,0,0,536,265,801,12,1,4,7,0,0,870,666,4,0,0,4,2,0,0
254,2,1,538,266,804,12,1,5,7,0,0,873,667,4,0,0,4,2,0,0
255,5,0,543,266,809,10,2,4,6,0,0,876,668,4,0,0,4,2,0,0
256,9,0,552,266,818,9,1,3,5,0,0,880,666,4,0,0,4,2,0,0
257,3,3,555,269,824,9,1,3,4,0,0,881,670,4,0,0,4,2,0,0
258,5,6,560,275,835,10,1,4,3,0,0,887,661,4,0,0,4,2,0,0
259,6,3,566,278,844,8,1,3,3,0,0,896,650,4,0,0,4,2,0,0
260,8,6,574,284,858,7,1,2,4,0,0,896,643,4,0,0,4,2,0,0
261,6,4,580,288,868,5,1,1,5,0,0,901,634,4,0,0,4,2,0,0
262,5,7,585,295,880,4,3,1,5,0,0,909,623,4,0,0,4,2,0,0
263,1,4,586,299,885,3,4,0,6,0,0,912,628,4,0,0,4,2,0,0
264,0,0,586,299,885,4,3,1,6,0,0,912,636,4,0,0,4,2,0,0
265,0,3,586,302,888,4,5,0,7,0,0,920,635,4,0,0,4,2,0,0
266,7,7,593,309,902,6,7,2,7,0,0,923,628,4,0,0,4,2,0,0
267,13,0,606,309,915,8,7,2,8,0,0,932,617,4,0,0,4,2,0,0
268,2,0,608,309,917,8,8,2,6,0,0,938,614,4,0,0,4,2,0,0
269,7,3,615,312,927,9,7,1,6,0,0,938,612,4,0,0,4,2,0,0
270,0,0,615,312,927,9,7,2,7,0,0,944,616,4,0,0,4,2,0,0
271,2,0,617,312,929,10,7,2,7,0,0,944,623,4,0,0,4,2,0,0
272,9,0,626,312,938,11,7,2,7,0,0,950,619,4,0,0,4,2,0,0
273,8,3,634,315,949,13,7,2,8,0,0,952,617,4,0,0,4,2,0,0
274,4,0,638,315,953,12,8,2,10,0,0,952,622,4,0,0,4,2,0,0
275,7,4,645,319,964,12,8,3,11,0,0,952,624,4,0,0,4,2,0,0
276,5,1,650,320,970,13,9,4,11,0,0,952,622,4,0,0,4,2,0,0
277,5,0,655,320,975,11,9,4,11,0,0,956,622,4,0,0,4,2,0,0
278,0,0,655,320,975,13,10,4,11,0,0,959,631,4,0,0,4,2,0,0
279,4,6,659,326,985,13,11,3,12,0,0,959,629,4,0,0,4,2,0,0
280,10,6,669,332,1001,14,12,3,14,0,0,964,620,4,0,0,4,2,0,0
281,12,0,681,332,1013,16,12,3,14,0,0,968,615,4,0,0,4,2,0,0
282,0,4,681,336,1017,16,12,1,14,0,0,973,614,4,0,0,4,2,0,0
283,5,9,686,345,1031,16,13,2,13,0,0,980,603,4,0,0,4,2,0,0
284,0,0,686,345,1031,15,12,2,14,0,0,982,609,4,0,0,4,2,0,0
285,7,1,693,346,1039,14,10,1,14,0,0,982,609,4,0,0,4,2,0,0
286,2,0,695,346,1041,13,11,1,14,0,0,985,613,4,0,0,4,2,0,0
287,0,0,695,346,1041,13,10,1,14,0,0,990,619,4,0,0,4,2,0,0
288,6,0,701,346,1047,10,9,2,14,0,0,990,620,4,0,0,4,2,0,0
289,7,0,708,346,1054,10,5,2,14,0,0,997,612,4,0,0,4,2,0,0
290,9,1,717,347,1064,12,6,1,15,0,0,1005,607,4,0,0,4,2,0,0
291,5,3,722,350,1072,12,8,1,16,0,0,1005,606,4,0,0,4,2,0,0
292,10,2,732,352,1084,8,8,2,16,0,0,1005,605,4,0,0,4,2,0,0
293,5,0,737,352,1089,11,9,2,16,0,0,1005,612,4,0,0,4,2,0,0
294,7,1,744,353,1097,13,11,2,16,0,0,1010,611,4,0,0,4,2,0,0
295,1,0,745,353,1098,13,12,2,16,0,0,1016,617,4,0,0,4,2,0,0
296,0,0,745,353,1098,13,12,1,16,0,0,1016,629,4,0,0,4,2,0,0
297,7,0,752,353,1105,14,12,1,16,0,0,1030,617,4,0,0,4,2,0,0
298,0,5,752,358,1110,14,11,1,16,0,0,1030,620,4,0,0,4,2,0,0
299,3,0,755,358,1113,15,11,0,16,0,0,1032,624,4,0,0,4,2,0,0
300,4,0,759,358,1117,15,10,2,16,0,0,1032,629,4,0,0,4,2,0,0
301,0,0,759,358,1117,15,11,2,16,0,0,1044,627,4,0,0,4,2,0,0
302,3,0,762,358,1120,16,11,2,16,0,0,1047,628,4,0,0,4,2,0,0
303,7,0,769,358,1127,16,13,2,16,0,0,1052,627,4,0,0,4,2,0,0
304,1,0,770,358,1128,16,14,2,16,0,0,1069,621,4,0,0,4,2,0,0
305,13,5,783,363,1146,15,16,2,14,0,0,1079,599,4,0,0,4,2,0,0
306,4,0,787,363,1150,15,16,2,14,0,0,1082,598,4,0,0,4,2,0,0
307,0,5,787,368,1155,16,15,4,14,0,0,1088,592,4,0,0,4,2,0,0
308,8,1,795,369,1164,14,14,4,13,0,0,1094,588,4,0,0,4,2,0,0
309,0,2,795,371,1166,15,14,4,15,0,0,1099,591,4,0,0,4,2,0,0
310,5,0,800,371,1171,13,14,4,13,0,0,1111,588,4,0,0,4,2,0,0
311,2,0,802,371,1173,11,14,4,14,0,0,1111,594,4,0,0,4,2,0,0
312,0,9,802,380,1182,11,14,6,14,0,0,1117,584,4,0,0,4,2,0,0
313,10,0,812,380,1192,10,16,5,14,0,0,1118,581,4,0,0,4,2,0,0
314,7,0,819,380,1199,9,15,6,14,0,0,1121,582,4,0,0,4,2,0,0
315,5,2,824,382,1206,9,16,6,15,0,0,1125,576,4,0,0,4,2,0,0
316,5,2,829,384,1213,8,16,5,14,0,0,1133,567,4,0,0,4,2,0,0
317,0,0,829,384,1213,9,15,5,15,0,0,1146,568,4,0,0,4,2,0,0
318,14,0,843,384,1227,8,14,7,15,0,0,1152,555,4,0,0,4,2,0,0
319,2,0,845,384,1229,8,15,7,14,0,0,1156,557,4,0,0,4,2,1,0
320,0,0,845,384,1229,8,15,8,14,0,0,1168,555,4,0,0,4,2,0,0
321,0,0,845,384,1229,8,15,8,14,0,0,1168,566,4,0,0,4,2,0,0
322,3,0,848,384,1232,9,14,7,14,0,0,1169,567,4,0,0,4,2,0,0
323,0,2,848,386,1234,8,15,7,13,0,0,1177,565,4,0,0,4,2,0,0
324,0,3,848,389,1237,8,15,7,12,0,0,1178,567,4,0,0,4,2,0,0
325,0,0,848,389,1237,8,16,7,12,0,0,1184,568,4,0,0,4,2,0,0
326,0,1,848,390,1238,8,16,6,13,0,0,1190,568,4,0,0,4,2,0,0
327,0,5,848,395,1243,8,16,6,11,0,0,1206,559,4,0,0,4,2,0,0
328,0,5,848,400,1248,9,16,7,11,0,0,1207,562,4,0,0,4,2,0,0
329,3,0,851,400,1251,8,16,6,12,0,0,1211,567,4,0,0,4,2,0,0
330,0,0,851,400,1251,9,16,6,13,0,0,1219,568,4,0,0,4,2,0,0
331,1,0,852,400,1252,11,16,7,13,0,0,1225,571,4,0,0,4,2,0,0
332,0,0,852,400,1252,11,16,7,15,0,0,1230,578,4,0,0,4,2,0,0
333,2,5,854,405,1259,12,16,8,15,0,0,1238,572,4,0,0,4,2,0,0
334,0,0,854,405,1259,11,16,8,14,0,0,1242,573,4,0,0,4,2,0,0
335,1,0,855,405,1260,12,16,9,15,0,0,1251,573,4,0,0,4,2,0,0
336,0,2,855,407,1262,11,16,10,14,0,0,1256,575,4,0,0,4,2,0,0
337,0,0,855,407,1262,10,15,9,14,0,0,1256,584,4,0,0,4,2,0,1
338,2,0,857,407,1264,11,14,10,14,0,0,1258,588,4,0,0,4,2,0,0
339,8,0,865,407,1272,13,16,10,14,0,0,1271,572,4,0,0,4,2,0,0
340,3,0,868,407,1275,12,16,10,14,0,0,1271,580,4,0,0,4,2,0,0
341,0,0,868,405,1273,12,16,10,13,0,1,1275,588,4,0,0,4,2,0,0
342,0,6,868,411,1279,12,16,11,12,0,0,1278,587,4,0,0,4,2,0,0
343,0,6,868,417,1285,13,16,11,10,0,0,1278,591,4,0,0,4,2,0,0
344,5,2,873,419,1292,15,16,11,8,0,0,1278,592,4,0,0,4,2,0,0
345,5,2,878,421,1299,15,16,11,8,0,0,1278,596,4,0,0,4,2,0,0
346,0,0,878,421,1299,15,15,11,8,0,0,1281,606,4,0,0,4,2,0,0
347,0,3,878,424,1302,15,15,12,9,0,0,1294,600,4,0,0,4,2,0,0
348,5,5,883,429,1312,16,14,13,9,0,0,1302,595,4,0,0,4,2,0,0
349,6,0,889,429,1318,15,13,13,9,0,0,1318,583,4,0,0,4,2,0,0
350,5,2,894,431,1325,14,13,12,10,0,0,1320,584,4,0,0,4,2,0,0
351,0,2,894,433,1327,13,14,12,10,0,0,1320,590,4,0,0,4,2,0,0
352,7,6,901,439,1340,13,13,11,9,0,0,1321,586,4,0,0,4,2,0,0
353,3,3,904,442,1346,14,12,10,9,0,0,1325,588,4,0,0,4,2,0,0
354,3,4,907,446,1353,12,12,10,9,0,0,1325,588,4,0,0,4,2,0,0
355,5,0,912,446,1358,12,14,11,10,0,0,1330,588,4,0,0,4,2,0,0
356,3,4,915,450,1365,13,15,9,10,0,0,1333,590,4,0,0,4,2,0,0
357,0,5,915,455,1370,14,14,8,10,0,0,1340,590,4,0,0,4,2,0,0
358,0,0,915,455,1370,12,12,9,10,0,0,1343,596,4,0,0,4,2,0,0
359,0,2,915,457,1372,11,12,8,9,0,0,1353,590,4,0,0,4,2,0,0
360,8,1,923,458,1381,11,12,7,10,0,0,1360,587,4,0,0,4,2,0,0
361,0,5,923,463,1386,12,13,7,10,0,0,1360,593,4,0,0,4,2,0,0
362,0,0,923,463,1386,14,13,7,10,0,0,1369,594,4,0,0,4,2,0,0
363,5,7,928,470,1398,14,11,8,11,0,0,1381,582,4,0,0,4,2,0,0
364,0,4,928,474,1402,12,11,7,11,0,0,1386,582,4,0,0,4,2,0,0
365,0,0,928,474,1402,10,12,8,11,0,0,1386,594,4,0,0,4,2,0,0
366,4,0,932,474,1406,10,9,8,11,0,0,1395,594,4,0,0,4,2,0,0
367,3,0,935,474,1409,12,9,8,11,0,0,1399,599,4,0,0,4,2,0,0
368,1,0,936,474,1410,11,9,7,11,0,0,1404,600,4,0,0,4,2,0,0
369,0,2,936,476,1412,11,8,7,9,0,0,1414,596,4,0,0,4,2,0,0
370,3,1,939,477,1416,12,9,6,9,0,0,1422,594,4,0,0,4,2,0,0
371,3,2,942,479,1421,13,8,5,8,0,0,1432,590,4,0,0,4,2,0,0
372,4,4,946,483,1429,12,6,5,8,0,0,1432,590,4,0,0,4,2,0,0
373,0,2,946,485,1431,13,8,5,6,0,0,1440,593,4,0,0,4,2,0,0
374,0,3,946,488,1434,13,7,4,7,0,0,1448,593,4,0,0,4,2,0,0
375,0,9,946,497,1443,13,5,4,5,0,0,1453,588,4,0,0,4,2,0,0
376,2,0,948,497,1445,11,4,4,7,0,0,1466,584,4,0,0,4,2,0,0
377,0,0,948,497,1445,10,3,4,6,0,0,1466,593,4,0,0,4,2,0,0
378,3,0,951,497,1448,11,2,4,5,0,0,1471,592,4,0,0,4,2,0,0
379,3,6,954,503,1457,10,3,3,4,0,0,1471,594,4,0,0,4,2,0,0
380,3,3,957,506,1463,10,2,4,4,0,0,1471,598,4,0,0,4,2,0,0
381,15,0,972,506,1478,12,0,4,4,0,0,1471,590,4,0,0,4,2,0,0
382,0,4,972,510,1482,12,0,3,3,0,0,1473,590,4,0,0,4,2,0,0
383,0,0,972,510,1482,11,1,3,4,0,0,1482,595,4,0,0,4,2,0,0
384,5,0,977,510,1487,11,1,3,5,0,0,1482,595,4,0,0,4,2,0,0
385,3,0,980,510,1490,9,0,3,4,0,0,1489,597,4,0,0,4,2,0,0
386,0,4,980,514,1494,10,1,5,4,0,0,1492,596,4,0,0,4,2,0,0
387,11,5,991,519,1510,10,3,5,6,0,0,1495,586,4,0,0,4,2,0,0
388,0,0,991,519,1510,9,1,4,5,0,0,1502,586,4,0,0,4,2,0,0
389,10,5,1001,524,1525,8,0,3,4,0,0,1506,573,4,0,0,4,2,0,0
390,5,5,1006,529,1535,9,0,1,4,0,0,1509,571,4,0,0,4,2,0,0
391,0,0,1006,529,1535,8,0,2,4,0,0,1517,576,4,0,0,4,2,0,0
392,4,5,1010,534,1544,10,1,2,6,0,0,1525,569,4,0,0,4,2,0,0
393,0,5,1010,539,1549,10,0,3,6,0,0,1528,568,4,0,0,4,2,0,0
394,0,0,1010,539,1549,11,2,4,5,0,0,1534,569,4,0,0,4,2,0,0
395,5,1,1015,540,1555,13,2,3,6,0,0,1543,557,4,0,0,4,2,0,0
396,9,8,1024,548,1572,12,1,3,8,0,0,1549,541,4,0,0,4,2,0,0
397,0,3,1024,551,1575,13,2,4,7,0,0,1554,541,4,0,0,4,2,0,0
398,0,0,1024,551,1575,12,2,4,8,0,0,1563,538,4,0,0,4,2,0,0
399,0,0,1024,551,1575,12,1,4,9,0,0,1564,545,4,0,0,4,2,0,0
400,0,5,1024,556,1580,12,2,3,9,0,0,1577,538,4,0,0,4,2,0,0
401,0,4,1024,560,1584,11,2,1,9,0,0,1578,540,4,0,0,4,2,0,0
402,0,0,1024,560,1584,11,1,1,9,0,0,1578,553,4,0,0,4,2,0,0
403,0,4,1024,564,1588,11,1,2,10,0,0,1578,562,4,0,0,4,2,0,0
404,5,5,1029,569,1598,12,0,0,10,0,0,1578,561,4,0,0,4,2,0,0
405,5,5,1034,574,1608,11,1,0,9,0,0,1584,552,4,0,0,4,2,0,0
406,0,0,1034,574,1608,13,1,0,10,0,0,1584,562,4,0,0,4,2,0,0
407,5,0,1039,574,1613,13,1,1,9,0,0,1588,563,4,0,0,4,2,0,0
408,5,4,1044,578,1622,13,0,1,9,0,0,1593,559,4,0,0,4,2,0,0
409,0,2,1044,580,1624,11,0,1,8,0,0,1593,566,4,0,0,4,2,0,0
410,5,3,1049,583,1632,9,0,2,7,0,0,1603,551,4,0,0,4,2,0,0
411,3,0,1052,583,1635,6,1,4,7,0,0,1603,560,4,0,0,4,2,0,0
412,6,3,1058,586,1644,9,2,5,6,0,0,1606,558,4,0,0,4,2,0,0
413,8,4,1066,590,1656,9,4,5,5,0,0,1615,545,4,0,0,4,2,0,0
414,0,0,1066,590,1656,9,2,5,6,0,0,1620,550,4,0,0,4,2,0,0
415,1,0,1067,590,1657,8,0,5,6,0,0,1628,551,4,0,0,4,2,0,0
416,0,0,1067,590,1657,9,0,5,6,0,0,1633,552,4,0,0,4,2,0,0
417,0,2,1067,592,1659,8,0,5,7,0,0,1634,559,4,0,0,4,2,0,0
418,0,0,1067,592,1659,10,0,5,6,0,0,1638,565,4,0,0,4,2,0,0
419,4,0,1071,592,1663,10,0,5,7,0,0,1643,567,4,0,0,4,2,0,0
420,5,9,1076,601,1677,14,0,4,8,0,0,1651,555,4,0,0,4,2,0,0
421,7,4,1083,605,1688,13,2,3,8,0,0,1651,556,4,0,0,4,2,0,0
422,0,0,1083,605,1688,13,3,4,7,0,0,1655,565,4,0,0,4,2,0,0
423,12,2,1095,607,1702,12,5,4,6,0,0,1655,560,4,0,0,4,2,0,0
424,7,0,1102,607,1709,10,4,3,7,0,0,1658,556,4,0,0,4,2,0,0
425,5,4,1107,611,1718,10,4,3,7,0,0,1660,558,4,0,0,4,2,0,0
426,4,0,1111,611,1722,8,5,4,7,0,0,1661,559,4,0,0,4,2,0,0
427,9,0,1120,611,1731,6,4,4,7,0,0,1667,555,4,0,0,4,2,0,0
428,8,2,1128,613,1741,8,3,4,5,0,0,1668,553,4,0,0,4,2,0,0
429,0,2,1128,615,1743,10,4,4,4,0,0,1672,556,4,0,0,4,2,0,0
430,0,4,1128,619,1747,10,4,5,4,0,0,1677,556,4,0,0,4,2,0,0
431,0,0,1128,619,1747,9,4,5,4,0,0,1680,564,4,0,0,4,2,0,0
432,4,0,1132,619,1751,8,1,5,5,0,0,1680,569,4,0,0,4,2,0,0
433,4,0,1136,619,1755,8,0,5,5,0,0,1683,574,4,0,0,4,2,0,0
434,6,4,1142,623,1765,5,0,4,6,0,0,1690,567,4,0,0,4,2,0,0
435,9,0,1151,623,1774,5,1,5,6,0,0,1697,564,4,0,0,4,2,0,0
436,0,0,1151,623,1774,5,1,5,7,0,0,1702,567,4,0,0,4,2,0,0
437,5,5,1156,628,1784,5,1,5,7,0,0,1714,557,4,0,0,4,2,0,0
438,10,0,1166,628,1794,4,3,4,6,0,0,1724,551,4,0,0,4,2,0,0
439,6,0,1172,628,1800,3,1,4,6,0,0,1727,549,4,0,0,4,2,0,0
440,0,5,1172,633,1805,3,1,3,7,0,0,1727,554,4,0,0,4,2,0,0
441,2,0,1174,633,1807,4,2,3,7,0,0,1731,558,4,0,0,4,2,0,0
442,3,0,1177,633,1810,3,3,4,7,0,0,1737,559,4,0,0,4,2,0,0
443,0,0,1177,633,1810,3,2,3,7,0,0,1744,559,4,0,0,4,2,0,0
444,0,6,1177,639,1816,6,1,2,6,0,0,1749,551,4,0,0,4,2,0,0
445,5,0,1182,639,1821,8,1,2,6,0,0,1756,547,4,0,0,4,2,0,0
446,5,5,1187,644,1831,7,1,0,6,0,0,1761,541,4,0,0,4,2,0,0
447,2,4,1189,648,1837,8,3,0,7,0,0,1763,543,4,0,0,4,2,0,0
448,0,4,1189,652,1841,9,5,1,7,0,0,1763,551,4,0,0,4,2,0,0
449,0,4,1189,656,1845,8,5,0,8,0,0,1763,555,4,0,0,4,2,0,0
450,14,3,1203,659,1862,8,7,0,8,0,0,1767,544,4,0,0,4,2,0,0
451,7,0,1210,659,1869,10,7,0,8,0,0,1768,546,4,0,0,4,2,0,0
452,5,3,1215,662,1877,10,8,0,9,0,0,1770,548,4,0,0,4,2,0,0
453,4,0,1219,662,1881,9,7,0,9,0,0,1777,548,4,0,0,4,2,0,0
454,0,3,1219,665,1884,8,7,0,10,0,0,1783,545,4,0,0,4,2,0,0
455,5,2,1224,667,1891,6,7,0,10,0,0,1789,542,4,0,0,4,2,0,0
456,6,0,1230,667,1897,6,9,0,10,0,0,1793,539,4,0,0,4,2,0,0
457,1,1,1231,668,1899,7,10,0,10,0,0,1793,543,4,0,0,4,2,0,0
458,1,0,1232,668,1900,5,10,0,9,0,0,1795,543,4,0,0,4,2,0,0
459,3,0,1235,668,1903,5,10,0,9,0,0,1800,545,4,0,0,4,2,0,0
460,2,0,1237,668,1905,3,8,0,9,0,0,1809,544,4,0,0,4,2,0,0
461,3,0,1240,668,1908,4,8,0,9,0,0,1809,553,4,0,0,4,2,0,0
462,0,0,1240,668,1908,5,7,0,9,0,0,1819,551,4,0,0,4,2,0,0
463,4,0,1244,668,1912,4,8,0,8,0,0,1827,546,4,0,0,4,2,0,0
464,0,1,1244,669,1913,4,7,0,6,0,0,1831,553,4,0,0,4,2,0,0
465,3,0,1247,669,1916,5,6,1,6,0,0,1841,551,4,0,0,4,2,0,0
466,0,1,1247,670,1917,4,7,0,7,0,0,1846,555,4,0,0,4,2,0,0
467,0,0,1247,670,1917,5,6,0,7,0,0,1853,555,4,0,0,4,2,0,0
468,2,0,1249,670,1919,5,5,0,7,0,0,1858,555,4,0,0,4,2,0,0
469,2,0,1251,670,1921,3,3,1,8,0,0,1865,557,4,0,0,4,2,0,0
470,0,0,1251,670,1921,4,4,2,7,0,0,1869,560,4,0,0,4,2,0,0
471,3,0,1254,670,1924,6,4,1,6,0,0,1873,561,4,0,0,4,2,0,0
472,0,0,1254,670,1924,4,5,0,7,0,0,1873,571,4,0,0,4,2,0,0
473,4,0,1258,670,1928,5,5,0,8,0,0,1876,569,4,0,0,4,2,0,0
474,7,0,1265,670,1935,5,3,0,9,0,0,1876,569,4,0,0,4,2,0,0
475,8,0,1273,670,1943,6,3,0,9,0,0,1880,562,4,0,0,4,2,0,0
476,3,3,1276,673,1949,6,3,0,10,0,0,1885,563,4,0,0,4,2,0,0
477,3,0,1279,673,1952,7,4,0,10,0,0,1887,565,4,0,0,4,2,0,0
478,5,0,1284,673,1957,9,4,1,11,0,0,1887,568,4,0,0,4,2,0,0
479,10,0,1294,673,1967,11,5,1,11,0,0,1887,565,4,0,0,4,2,0,0
480,9,0,1303,673,1976,11,6,1,10,0,0,1894,552,4,0,0,4,2,0,0
481,6,0,1309,673,1982,12,5,2,9,0,0,1894,552,4,0,0,4,2,0,0
482,6,0,1315,673,1988,12,4,1,10,0,0,1895,552,4,0,0,4,2,0,0
483,9,0,1324,673,1997,10,4,2,10,0,0,1899,543,4,0,0,4,2,0,0
484,7,0,1331,673,2004,8,2,1,11,0,0,1904,541,4,0,0,4,2,0,0
485,6,0,1337,673,2010,10,2,1,11,0,0,1909,535,4,0,0,4,2,0,0
486,6,0,1343,673,2016,9,1,1,11,0,0,1909,539,4,0,0,4,2,0,0
487,0,2,1343,675,2018,8,1,3,11,0,0,1915,543,4,0,0,4,2,0,0
488,5,4,1348,679,2027,7,0,3,11,0,0,1919,539,4,0,0,4,2,0,0
489,2,1,1350,680,2030,7,1,3,12,0,0,1931,533,4,0,0,4,2,0,0
490,9,5,1359,685,2044,7,1,3,13,0,0,1942,518,4,0,0,4,2,0,0
491,0,0,1359,685,2044,8,0,3,13,0,0,1946,523,4,0,0,4,2,0,0
492,0,0,1359,685,2044,8,0,3,13,0,0,1953,525,4,0,0,4,2,0,0
493,6,2,1365,687,2052,9,0,2,12,0,0,1958,524,4,0,0,4,2,0,0
494,0,0,1365,687,2052,10,0,2,11,0,0,1959,536,4,0,0,4,2,0,0
495,9,2,1374,689,2063,12,0,2,11,0,0,1961,529,4,0,0,4,2,0,0
496,2,0,1376,689,2065,13,1,3,12,0,0,1965,536,4,0,0,4,2,0,0
497,10,0,1386,689,2075,14,1,3,10,0,0,1970,532,4,0,0,4,2,0,0
498,0,0,1386,689,2075,14,0,4,10,0,0,1970,543,4,0,0,4,2,0,0
499,5,2,1391,691,2082,15,0,5,10,0,0,1975,541,4,0,0,4,2,0,0
